TaskId,Name,Start,Position,time
5,R,0.0,WP6_TOP,82.0
5,R,82.0,WP6,55.0
5,G,137.0,,20.0
5,M,157.0,WP6_TOP,58.99999999999999
5,M,216.0,BIN4_TOP,92.0
5,M,308.0,BIN4,58.99999999999999
5,RL,367.0,,20.0
2,R,486.0,WP3_TOP,94.0
2,R,580.0,WP3,55.0
2,G,635.0,,20.0
2,M,655.0,WP3_TOP,58.99999999999999
2,M,714.0,A3,50.0
2,A,764.0,,20.0
2,RL,784.0,,20.0
3,R,804.0,WP4_TOP,128.0
3,R,932.0,WP4,55.0
3,G,987.0,,20.0
3,M,1007.0,WP4_TOP,58.99999999999999
3,M,1066.0,A4,50.0
3,A,1116.0,,20.0
3,RL,1136.0,,20.0
