TaskId,Name,Start,Position,time
2,R,1973.0,A1_TOP,128.0
2,R,2101.0,A1,55.0
2,G,2156.0,A1,20.0
2,M,2176.0,A1_TOP,58.99999999999999
2,M,2235.0,BIN1_TOP,105.0
2,M,2340.0,BIN1,58.99999999999999
2,RL,2399.0,BIN1,20.0
12,R,2419.0,WP9_TOP,128.0
12,R,2547.0,WP9,55.0
12,G,2602.0,WP9,20.0
12,M,2622.0,WP9_TOP,58.99999999999999
12,M,2681.0,BIN1_TOP,133.0
12,M,2814.0,BIN1,58.99999999999999
12,RL,2873.0,BIN1,20.0
