TaskId,Name,Start,Position,time
5,R,756.0,DA5_TOP,105.0
5,DA,861.0,DA5_TOP,20.0
5,M,881.0,WP5_TOP,40.0
5,M,921.0,WP5,58.99999999999999
5,RL,980.0,WP5,20.0
8,R,1000.0,WP6_TOP,82.0
8,R,1082.0,WP6,55.0
8,G,1137.0,WP6,20.0
8,M,1157.0,WP6_TOP,58.99999999999999
8,M,1216.0,BIN1_TOP,123.00000000000001
8,M,1339.0,BIN1,58.99999999999999
8,RL,1398.0,BIN1,20.0
