TaskId,Name,Start,Position,time
0,R,0.0,WP1_TOP,122.0
0,R,122.0,WP1,55.0
0,G,177.0,,20.0
0,M,197.0,WP1_TOP,58.99999999999999
0,M,256.0,BIN1_TOP,92.0
0,M,348.0,BIN1,58.99999999999999
0,RL,407.0,,20.0
4,R,687.0,WP5_TOP,63.0
4,R,750.0,WP5,55.0
4,G,805.0,,20.0
4,M,825.0,WP5_TOP,58.99999999999999
4,M,884.0,A5,50.0
4,A,934.0,,20.0
4,M,954.0,BIN3_TOP,123.00000000000001
4,M,1077.0,BIN3,58.99999999999999
4,RL,1136.0,,20.0
