TaskId,Name,Start,Position,time
5,R,0.0,WP6_TOP,82.0
5,R,82.0,WP6,74.0
5,G,156.0,,10.0
5,M,166.0,WP6_TOP,85.0
5,M,251.0,BIN4_TOP,112.00000000000001
5,M,363.0,BIN4,112.00000000000001
5,RL,475.0,,10.0
3,R,703.0,WP4_TOP,122.0
3,R,825.0,WP4,122.0
3,G,947.0,,10.0
3,M,957.0,WP4_TOP,128.0
3,M,1085.0,A4,128.0
3,A,1213.0,,10.0
3,RL,1223.0,,10.0
